{
	"powers":[
	   "withered_skeletian:s_and_p/attacker",
	   "withered_skeletian:s_and_p/death",
	   "withered_skeletian:s_and_p/hit",
	   "withered_skeletian:s_and_p/passive",
	   "withered_skeletian:s_and_p/victim",
	   "withered_skeletian:charcoal_bones",
	   "withered_skeletian:unnatural_height",
	   "withered_skeletian:withering_presence",
	   "withered_skeletian:undead_body",
	   "withered_skeletian:nether_inhabitant",
	   "withered_skeletian:nether_kinship",
	   "withered_skeletian:sharper_stone"
	],
	"icon":"minecraft:wither_skeleton_skull",
	"order":10,
	"impact":3,
	"name":"Withered Skeletian",
	"description":"You are a Wither Skeleton, your body is strong and your bones rattle like those of your brothers and sisters in the underworld."
}