{
  "type":"origins:target_action_on_hit",
  "entity_action":{
     "type":"origins:apply_effect",
     "effect":{
        "effect":"minecraft:wither",
        "amplifier":0,
        "duration":100
     }
  },
  "cooldown":1,
  "hud_render":{
     "should_render":false,
     "sprite_location":"origins:textures/gui/community/spiderkolo/resource_bar_03.png",
     "bar_index":20
  },
  "damage_condition":{
     "type":"origins:name",
     "name":"player"
  },
  "name":"Withering Presence",
  "description":"Applies the wither effect on your opponent for a short period of time after hitting them, on a cooldown."
}