{
  "type":"origins:action_over_time",
  "entity_action":{
     "type":"origins:and",
     "actions":[
        {
           "type":"origins:apply_effect",
           "effect":{
              "effect":"minecraft:strength",
              "duration":200,
              "amplifier":1
           }
        }
     ]
  },
  "interval":40,
  "condition":{
     "type":"origins:block_in_radius",
     "block_condition":{
        "type":"origins:in_tag",
        "tag":"moth:lamp"
     },
     "radius":12,
     "shape":"cube",
     "comparison":">=",
     "compare_to":1
  },
  "name":"Light Affinity",
  "description":"Due to your infatuation with light, you gain various buffs around different light sources."
}